{"acc": [0.57301920648267657, 0.60865947712669199, 0.61236392224349268, 0.61498593271682644, 0.61714425061345735, 0.6187638989480686, 0.62024232850952998, 0.62159773758806924, 0.62300919741840666, 0.62388708321270347, 0.62532256479516279, 0.62646541777888665, 0.62708415983948962, 0.62827505632481051, 0.6293654982147906, 0.63024120021310082, 0.63122318026096647, 0.63171744597953006, 0.63266302943444441, 0.63352344486418899, 0.63414000313032381, 0.63466484198441353, 0.63559513887019814, 0.63618549159022031, 0.63689668099539909, 0.63743535055334022, 0.63840932335156886, 0.63903461679909046, 0.63952451492568074, 0.64043151799382669, 0.64081368220692836, 0.64103570141600819, 0.641774552230582, 0.64261968109215128, 0.64290139071494501, 0.64333814981530413, 0.6440311409237035, 0.64436016611304714, 0.64482895421581599, 0.64535597686654322, 0.64561803232758297, 0.64632267034423774, 0.64656215991899801, 0.64733522352884432, 0.64719182095914374, 0.64796342870570756, 0.64769263806046073, 0.64830774046292272, 0.64861128803920498, 0.64938216785449643], "loss": [1.54783979540952, 1.424550541827819, 1.4019797458381793, 1.3863894777917278, 1.3738029109674157, 1.3642762231427439, 1.3548934181228276, 1.3469069006906833, 1.3398966256281577, 1.3325313146691646, 1.3261683685477217, 1.3199236251345621, 1.3139801757202401, 1.3086118199391918, 1.3029961568302257, 1.2983719407823329, 1.293394451581469, 1.2883248992141727, 1.2833668388711499, 1.2798742978204594, 1.2755020443187168, 1.2715399915818648, 1.2673725548203791, 1.2638705308361218, 1.2592875563785226, 1.2556935111228793, 1.2527772460192834, 1.2492106562200931, 1.2457011541543743, 1.2427999212193157, 1.2393046621845012, 1.2367052203603155, 1.233653722336171, 1.2302007983387944, 1.2269150058060661, 1.2248866433697703, 1.2221652029299548, 1.2196445951877415, 1.2178829959723414, 1.2146384218724529, 1.2118424973294049, 1.2101654492820928, 1.2072610878856667, 1.2046202798893206, 1.2025517843111444, 1.2011884309047212, 1.1988288923502024, 1.196964949881302, 1.1947222026892519, 1.1930836917442442], "f1": [0.61890142199426057, 0.65325082781962629, 0.65834648822570174, 0.6611981428995336, 0.66392286159520231, 0.66634669816216607, 0.66839867556545185, 0.66989511437129035, 0.67175996135672367, 0.67316591535487413, 0.67436712924295372, 0.67552393783038733, 0.67625942396231886, 0.67781219095386847, 0.67896130739418781, 0.67976480955052765, 0.67995425290940537, 0.68116220184084253, 0.68228547258460659, 0.68261554634662924, 0.68317697350828055, 0.68384746033840482, 0.68461891797808871, 0.68535159480987362, 0.68584795176142666, 0.6865199421965591, 0.68681571930835095, 0.68725766321537529, 0.68835593578895304, 0.68837340197271313, 0.689042878783235, 0.6895010167044896, 0.69018600669507779, 0.69091463636890083, 0.69114125891756051, 0.69166034237976992, 0.69217322972157425, 0.69248167157824414, 0.69290823527004386, 0.69348707842299506, 0.69412798534456188, 0.6942670382416688, 0.69461792329220329, 0.69533602828898378, 0.69565862812599644, 0.69625836633976335, 0.69639503497727617, 0.69670063437790075, 0.69686909322302582, 0.69735101010629663], "recall": [0.655100139006767, 0.65491389010926704, 0.65503990630478792, 0.65591988773974308, 0.65696064818591005, 0.65785661281257457, 0.65841340116533642, 0.65846471900384151, 0.65605137032305205, 0.6569397384613419, 0.65441803571257195, 0.65496691546283636, 0.65464596867821234, 0.65720454314265353, 0.65481625443777436, 0.6573276603986522, 0.65686121200434056, 0.65725932367079221, 0.65831827694024059, 0.65765952871521183, 0.65641333351007658, 0.65880235624186834, 0.65976924851455021, 0.6592232606590529, 0.66097511242491824, 0.66207770525559395, 0.66228609508069436, 0.6629586182441275, 0.66570517351319547, 0.66584384487176229, 0.66592547420307313, 0.66569080766280653, 0.66552701939192371, 0.66799377012895644, 0.66821614055275058, 0.66743035006732521, 0.66780305262374284, 0.66941609466008345, 0.66950205770180282, 0.66895608925728201, 0.67038420911657925, 0.67051362303049933, 0.67086373610899874, 0.67136206400284626, 0.67353348285917047, 0.6741144188120729, 0.67568650751133741, 0.67485399477422425, 0.67467477786472041, 0.67505936824747514], "precision": [0.60115313459289021, 0.65231131770116701, 0.66244087470012925, 0.66731348544492952, 0.67178650685334418, 0.67581775019071844, 0.67946352276171074, 0.68251881542987003, 0.68902626381626386, 0.69099351674460741, 0.6963899405153906, 0.69824772028918158, 0.70017255713589777, 0.70058150084655102, 0.70581643212517609, 0.70462117998434382, 0.70558508435745548, 0.70772127233257642, 0.70893317330502337, 0.7103845084467747, 0.71307864027436096, 0.7117679226930016, 0.71230698054579389, 0.71451685010995725, 0.71353683140463464, 0.71372131887624857, 0.71411048312802805, 0.71429611011737526, 0.71346474366363488, 0.71336930087433859, 0.7146996692731824, 0.71595333998660349, 0.71764206811099895, 0.71632817907355351, 0.71655677214537838, 0.71857737198835236, 0.71927447430273561, 0.71805565592792719, 0.71888482091925388, 0.72077932318430726, 0.72049561833198217, 0.72063127452150288, 0.72101455112361312, 0.7219445791510164, 0.72014992460539873, 0.72075509256798731, 0.71926687529325084, 0.72085591930335102, 0.72143963662100352, 0.72205184121090604], "val_acc": [0.61192146107554302, 0.61475137783755929, 0.61444130979727662, 0.61668602772270309, 0.61640871334864744, 0.61671659781118171, 0.61659213387951894, 0.61692840485278322, 0.61607025879763477, 0.61691311980854391, 0.61667292625621228, 0.61636285821592962, 0.61580822946781844, 0.61557458664873221, 0.61555493444899601, 0.61646985352560468, 0.61581914735656074, 0.61492824763518528, 0.61528417080818576, 0.61557458664873221, 0.61588902184451177, 0.614201116244945, 0.6138146229834659, 0.61357006227563737, 0.61334952092304196, 0.61396747342585878, 0.61338227458928529, 0.61397402415910418, 0.61367050685206692, 0.61332550156782506, 0.61332113441231184, 0.61308094085998022, 0.61238874671374799, 0.61244551973519201, 0.61247608982365431, 0.61181446576586807, 0.61347180127695622, 0.61219004113860476, 0.61096942117721043, 0.61278397428620468, 0.61148256194810069, 0.61138211737167114, 0.61217912324987867, 0.61150658130335012, 0.61125983701775688, 0.61182756723235887, 0.61047156545055947, 0.61066808744792167, 0.6113035085727262, 0.61059384580448994], "val_f1": [0.64135129715532102, 0.64420039386540862, 0.6478430014331904, 0.64876900254337444, 0.64924231694321932, 0.64954698894493501, 0.64947927232931513, 0.65106314668872722, 0.65014416733065961, 0.65078936838387136, 0.6506818827637677, 0.65072512762213619, 0.6501839471470785, 0.65017003633477644, 0.65021633469852591, 0.64986166750921082, 0.64976489456765429, 0.64932559166691273, 0.64987097596061405, 0.64927999806141101, 0.64889639911664443, 0.64849891070023646, 0.64729472740410499, 0.64810335313051137, 0.64738299282708467, 0.64776706293232711, 0.64753725183638888, 0.64719246857163648, 0.64722526949218384, 0.64648786796306401, 0.6461444719995294, 0.64694362132303207, 0.64560472992832574, 0.64624100146430374, 0.64657322689965702, 0.64560946302367872, 0.64602383517636752, 0.64576640996501422, 0.64494238956734395, 0.64550427004192945, 0.64473677807275898, 0.6453924257875997, 0.6449055449497465, 0.64466139243828169, 0.64457126538832699, 0.64410674464850359, 0.6438967970598285, 0.64426863334387807, 0.64410507279681173, 0.64398319821532191],